area,bedrooms,bathrooms,floors,parking,age,location_score,price
3032,4,1,3,3,4,4,19804560.19407606
899,2,3,1,2,18,9,9257677.312058434
3764,1,3,3,0,3,7,23715525.438953612
1942,2,3,1,3,15,6,13563513.050341405
1759,1,3,2,3,10,1,11144217.341009919
1646,5,3,3,2,26,6,13559928.7520331
1154,4,2,2,2,24,10,12080921.926308293
733,5,4,3,0,11,4,8920500.446308907
1519,1,3,2,1,0,9,13716209.049002763
587,4,2,1,2,22,9,9085640.277763717
2570,3,4,1,3,0,9,19221121.128203694
856,4,4,2,2,0,2,8676471.012452258
1965,4,1,3,0,9,3,13132440.041286485
3918,1,3,2,3,2,7,25050877.3953735
3883,2,2,3,2,26,2,21226288.310063973
1379,5,3,3,1,20,4,11622806.231617073
869,5,2,2,2,28,8,9526393.438143525
3212,4,3,1,1,8,5,20728429.357995402
3712,2,1,2,2,28,7,22480020.518516265
3254,4,2,2,0,9,9,22307634.2396897
754,1,3,2,2,9,9,9002049.327409366
2847,1,1,1,0,21,2,15474807.262510683
3583,4,3,2,1,20,3,21780441.91024505
3426,1,3,3,1,16,5,19888981.201099552
2628,4,1,3,0,27,7,17715051.48280925
1257,3,2,3,0,8,3,10285461.8065465
2266,3,2,3,1,2,9,17706968.6990823
1429,3,2,3,2,16,5,10873292.232227072
3326,3,4,1,2,1,1,20653376.067775123
2835,2,4,1,3,5,8,20222814.446376972
2704,1,4,3,0,21,8,18481763.53098387
1177,2,4,2,0,11,9,12217588.605383266
2025,5,2,2,1,22,5,14492790.764959771
3990,5,2,2,0,22,4,23385408.38175704
3216,4,4,2,1,2,1,20771806.520579964
1613,3,3,3,3,4,1,12614807.110051561
569,3,3,2,3,5,4,6889819.378811428
1462,3,1,3,1,7,10,14757080.247959256
1086,2,1,3,3,0,1,7338516.789448664
3637,2,1,1,2,19,7,21894244.85827797
772,3,3,1,2,12,9,8901965.750360131
3329,3,2,2,0,24,9,21936063.227632966
1288,4,4,2,1,14,8,12785157.594626455
1510,2,1,3,3,29,2,9863432.915792735
3488,3,1,1,3,21,4,20642674.3069384
2068,5,3,3,3,5,6,17306826.867094383
2065,2,3,3,2,3,5,15125512.058687458
2026,2,2,3,0,12,8,14793885.487724809
3154,4,1,1,3,23,4,19790278.22743115
1987,4,1,3,0,16,4,12636394.893264903
3028,2,2,2,2,22,4,17380814.482672937
2437,5,4,3,3,13,9,19928478.483281415
1189,5,2,2,3,2,8,12485500.613566717
3409,4,3,3,3,3,3,21387910.3619501
2919,5,3,1,1,25,4,19077601.13330642
2562,1,3,3,2,10,7,18255992.03831836
3154,1,1,2,2,23,2,17319336.17822654
2573,1,1,1,3,13,2,13543774.146602139
3242,3,1,1,3,10,3,20434539.06848021
2833,3,2,2,0,14,6,18726620.901931968
3838,4,1,3,1,12,1,22137275.707011435
710,1,4,1,1,18,8,6930690.743485536
2451,2,2,3,0,8,4,14841572.274990354
3347,1,3,3,1,23,6,19943064.98432278
1191,3,1,2,1,26,9,10057909.687633779
2220,1,4,2,0,15,2,13350726.790666085
2476,2,3,2,1,20,1,14010598.13607008
3959,2,2,2,0,17,7,24068222.225858644
918,5,3,2,1,0,9,12806914.507098366
1556,5,3,1,3,9,8,14429228.168749232
2359,4,3,1,3,6,6,16931011.784994382
2724,2,3,3,2,22,4,16710857.529064996
3145,5,3,1,2,15,3,19403611.490102522
2700,2,3,2,1,7,10,19596453.03117169
2564,1,2,1,2,2,1,13854332.422018105
636,2,1,3,0,11,2,5219823.337625785
1642,5,2,3,0,3,6,14329028.010137571
2832,4,1,1,1,5,7,19696982.660122797
750,5,3,3,1,1,2,8246079.612207868
3313,3,1,2,3,11,6,20015398.813467372
3780,2,4,1,2,2,2,22694050.962766282
2909,2,4,3,2,21,9,20398979.978769768
3880,3,4,2,1,29,1,22462932.734734144
2207,4,1,2,2,6,9,17382824.83144607
3630,3,4,3,3,21,3,21905941.440991025
1362,5,4,2,1,20,10,13710009.65148542
1873,2,2,2,0,21,8,13018757.063959377
3370,1,4,2,3,13,7,20757733.21788079
2324,5,2,1,0,5,6,16442136.410795063
806,2,1,1,0,11,7,7529354.127888495
2919,3,1,1,1,8,6,18478493.38703582
3547,4,3,2,1,1,9,25801156.068080496
3411,2,4,3,3,4,10,24267662.144445956
3317,5,4,2,2,27,4,22286332.31378742
2399,1,4,3,2,4,2,16137767.760973174
3119,5,1,3,0,10,3,20008737.904406108
3993,2,4,3,1,2,3,24687342.400936577
2628,2,4,1,3,14,10,18798873.817244448
1423,2,2,3,3,15,3,11455407.97263438
1648,3,4,1,3,12,10,15064002.902107053
3658,1,4,1,0,28,5,21284734.86799317
2812,2,2,3,3,17,8,20103155.657770693
1910,3,1,2,2,22,4,12298065.33224946
3201,4,1,3,2,26,1,18529217.190113626
3932,5,2,1,0,5,3,24733161.068972006
2443,5,4,3,3,20,4,16615637.573747166
3568,3,1,3,2,1,4,22674210.615533043
932,2,3,1,1,0,4,8447141.163561078
3624,1,1,2,3,23,2,19547506.732677575
3686,4,4,3,0,2,9,25733565.90610978
2459,4,4,2,0,16,8,19103497.159939587
3238,5,3,1,0,13,10,22685407.771435242
1160,4,3,1,2,7,1,9534095.573290065
1913,3,4,2,1,8,4,14773530.60862352
932,2,1,2,2,27,1,5514257.125739571
3810,2,3,1,1,10,5,22659125.43729804
555,3,3,2,2,16,3,5450290.063096937
1230,1,1,3,1,24,1,6664984.322373984
3877,5,4,1,0,20,5,23945961.340400007
2773,5,3,2,1,26,4,18160884.928487
2220,4,4,2,0,1,8,17954740.127303053
3498,1,2,1,1,10,8,21126831.20228435
2267,5,4,1,3,6,1,16666942.085037766
1891,1,3,3,2,10,3,12712009.77558234
2584,3,3,1,3,23,7,17422334.50932963
2513,5,3,1,3,24,5,18734428.571638912
1868,4,3,1,2,8,1,12536818.376055146
1553,2,1,3,2,10,8,13313142.117157027
1448,1,1,3,1,18,6,8916164.81798196
1511,1,4,1,0,25,8,10805199.613417754
3734,3,1,2,2,5,5,22592554.320957575
3022,3,3,2,2,21,9,20741291.70289446
841,1,1,1,2,9,6,7221771.5040218895
1748,2,3,3,3,29,7,13809583.746889608
1212,5,2,3,0,14,7,10728638.438414974
3459,1,3,3,1,17,3,19856938.38572869
996,4,1,2,1,1,6,10765728.438996647
3751,5,1,2,1,3,8,24310764.934505913
2267,2,3,3,2,13,6,15933625.194537912
780,5,3,1,2,22,5,7699938.919150328
2779,3,2,2,1,5,8,19517708.370547585
3732,2,2,1,0,9,2,20441560.05414065
2510,2,3,2,1,28,5,15500454.611849127
2446,5,3,1,1,19,8,18322883.542709157
1389,4,1,2,0,2,7,12805315.466480374
1487,5,4,2,3,10,10,15396320.725043634
1779,5,3,1,2,7,2,13375943.754998278
1859,4,2,1,1,26,6,14110474.411730537
3731,5,2,1,2,22,3,22808408.454272173
3381,5,3,1,2,6,7,23022787.944855295
3463,3,2,2,3,1,10,24326497.601262294
1001,4,1,2,3,10,1,7054381.750992286
3235,1,4,1,2,2,3,18980510.66802242
3783,4,4,3,3,8,9,26659805.151117835
3257,1,1,1,3,23,1,17048221.611659504
3001,1,2,2,3,1,3,18478532.911351703
1779,3,3,1,1,24,5,12991873.023227355
2901,3,1,1,1,22,5,17910594.75860172
1218,4,3,3,2,26,9,11774645.648749707
2286,4,4,1,1,5,1,15320091.2652843
1191,3,4,1,2,2,7,11743788.972637255
2749,4,2,2,1,20,6,18128518.424476154
1563,4,4,3,1,23,9,13820467.43584768
1226,1,1,2,1,22,7,9046162.543128058
1419,1,4,3,3,22,1,8561143.011984581
3915,5,3,2,0,22,6,25399411.459398955
3874,1,2,2,0,20,1,20930767.99862185
1572,4,2,3,0,2,1,11191936.955083547
2760,4,1,1,1,3,6,18848546.053348742
1468,2,4,3,0,7,10,14052496.631479356
2957,1,4,2,2,25,1,16965153.173244566
3924,5,2,3,0,13,2,23588447.377754495
2549,1,3,1,0,13,9,17704609.787579596
959,4,1,3,0,25,5,8947530.745395385
693,2,2,2,2,23,3,5845622.013875989
3639,1,3,1,0,10,1,20261711.30529237
2954,2,2,2,3,28,1,15400483.004448919
3307,5,2,1,3,14,8,22484738.71895401
1334,3,1,2,0,27,2,7492855.920263536
2570,1,1,1,3,8,2,14689925.165627556
2532,2,3,1,0,26,6,16298201.943375112
2656,4,2,3,3,27,9,20140339.12114429
2587,1,2,2,1,17,8,17182242.313698247
1585,2,4,2,0,3,5,12022482.590951553
1695,3,3,3,0,2,6,14141060.636036536
3259,1,4,3,3,23,7,20516698.011357594
1069,2,4,3,3,28,5,9222810.968120297
1906,3,4,1,3,3,5,14698829.809294311
3820,1,2,3,1,10,1,21452806.295531712
3575,3,4,1,2,26,10,24300702.64631179
3442,2,1,2,2,13,3,19768977.436445493
1559,1,2,3,2,23,9,12037785.466050273
2434,4,2,2,2,0,4,17361222.84141971
3244,1,3,1,1,0,10,22108849.78547686
2077,5,1,1,1,24,9,15361753.460763972
978,2,2,2,0,7,4,7973785.765585908
1857,4,3,1,2,6,5,14517378.965327488
3823,2,3,2,2,18,3,21903270.265725687
1512,5,1,1,1,24,7,12470569.153348405
3378,5,2,3,2,13,8,23829155.820492417
3295,3,4,3,3,2,7,23144241.772443186
841,3,2,3,0,20,2,7382513.503300514
2547,4,1,2,3,27,4,16518589.194697602
2798,3,1,1,1,21,9,19009525.577612534
2293,2,4,2,2,2,5,16675313.624018168
3065,3,4,2,2,22,2,18131287.04605499
2668,3,4,2,1,10,4,17597505.165094387
3646,3,1,3,1,29,1,20064281.62097833
1926,4,2,3,3,9,10,16233845.067274753
1267,2,4,3,3,10,4,9982295.45801098
1956,5,3,3,2,25,6,14661995.554031342
2204,2,4,1,2,16,3,13807556.745838791
1451,5,2,2,2,18,9,14010758.128249163
2835,2,4,2,1,8,3,17847706.497002788
699,4,2,2,3,1,10,10718893.420598952
762,4,1,3,1,19,5,7965374.807877538
3667,2,3,3,3,6,3,22162973.694837265
2714,3,4,3,0,28,5,17803241.610779926
3005,2,1,2,1,4,4,18207631.895928502
3361,3,1,3,1,20,2,18645019.659609035
2055,3,1,1,0,6,1,12996990.817165406
2512,5,2,1,1,27,2,15844998.018722294
3782,4,2,2,2,17,7,24209234.968396597
3641,5,2,2,1,23,9,23949732.6113196
1929,3,4,1,2,5,2,12875184.766141893
3587,1,2,3,0,23,3,18808289.563380804
3933,3,4,3,0,28,2,22586706.95529254
791,5,3,1,1,23,3,7473409.6016711565
790,4,2,2,1,2,3,8932182.882424604
3766,2,4,2,3,29,1,20806190.524493758
1389,5,3,3,2,27,5,12088109.548416816
3774,1,1,1,2,24,2,18794116.246932108
2247,1,3,2,0,28,1,12140428.784644995
1332,3,3,1,0,18,10,12408113.014735643
504,3,2,1,2,19,5,6304832.671432275
3807,3,4,1,1,20,5,23957298.90135739
675,2,2,3,0,16,5,6570926.998496124
3056,4,4,3,3,26,2,18978291.27981434
1129,5,4,2,3,0,3,11819434.205257317
876,1,2,1,1,12,9,9099255.940198973
3271,2,3,2,3,0,1,19365953.743782736
585,3,2,1,2,15,7,7876819.870640281
2708,2,2,3,0,29,7,17504200.6561203
2932,4,1,1,0,9,6,18976296.343630485
2077,1,3,3,1,27,7,14482212.781857796
1775,4,1,3,3,28,10,14405300.973713346
2996,1,2,3,1,1,2,18033102.510199785
3564,3,3,1,2,17,7,21886541.06086097
1058,3,3,3,1,13,3,8777902.013160693
1951,1,4,1,3,8,4,12322702.841546042
3581,1,3,1,1,14,9,22118513.946697805
2905,3,1,2,3,14,4,17884551.46033363
3604,4,2,3,2,4,1,21159401.033164058
691,5,4,2,3,17,4,8801127.10179769
3601,5,2,3,3,19,1,21152356.28514903
2521,1,4,3,1,0,6,16523983.385025775
1079,1,3,1,2,7,10,11293514.227916634
2345,2,2,2,3,28,8,16024475.22154012
2736,3,2,3,2,28,6,17364264.15985123
3642,5,2,3,1,29,6,23114385.659525044
642,4,4,1,3,26,1,5679442.152396319
1974,4,3,2,3,2,1,14238207.621884238
1304,2,1,1,2,17,2,8061297.17729162
1620,1,3,2,0,13,4,11196444.837788688
3292,2,2,3,1,6,5,21100704.0417788
1722,2,3,2,0,10,7,13051688.53827896
2731,2,3,2,3,13,4,16544030.647356126
1234,5,2,1,0,5,7,13347787.415537963
1924,5,4,1,3,18,8,15905176.74454992
3573,5,3,3,3,11,7,25113370.46748176
1701,4,3,2,2,4,1,12201387.011418393
1969,5,1,2,2,19,7,15471035.294612713
2441,3,2,1,1,14,10,17624710.931992274
3354,4,1,3,0,14,3,20684210.318055104
3432,2,4,3,2,13,9,24236833.103210773
689,2,3,3,3,7,6,8994326.051588003
2834,4,4,1,0,25,7,18502528.188631706
2264,4,3,2,2,27,9,15763455.614715356
525,3,1,2,3,14,8,7578103.156124525
1378,1,2,2,2,19,9,11000301.864877326
3020,2,1,3,3,21,9,19860741.75910968
2697,4,3,3,0,19,1,15859122.589424737
3728,2,3,1,1,7,1,20903429.751605608
992,1,1,1,1,4,4,7600210.51775383
661,2,1,3,1,0,2,6559869.387318453
2445,1,3,2,1,10,1,14507241.100646773
958,3,3,1,0,23,8,9402624.837053725
874,1,4,2,2,5,8,9131355.241574045
1165,1,4,3,3,20,9,10402346.96295921
916,2,3,2,1,26,9,8959902.644986052
2179,1,1,2,2,16,1,12255124.576711921
2570,4,4,2,3,2,3,18023425.943061665
2471,1,1,3,0,26,10,16599066.886609104
543,3,3,1,3,2,4,8420887.58674788
3439,1,1,2,3,11,10,22133168.88313654
2845,2,3,1,0,20,5,17471460.034268774
3757,2,4,1,2,0,4,23330258.66428023
3771,2,4,1,3,5,7,24593725.28805057
3703,3,4,1,1,27,10,24418099.016635075
2307,2,2,1,3,1,5,15881825.093962261
1866,3,4,2,3,10,6,14443263.451981151
1588,4,1,1,1,18,5,11479302.792648425
2951,5,3,3,3,18,4,19886319.41485361
1656,5,3,3,3,18,7,14965537.362088423
3568,2,2,2,2,10,2,20947565.899558313
561,3,3,1,1,16,9,9087420.96905211
3961,4,3,2,3,22,8,26188105.810406707
1659,3,2,1,3,24,7,12097380.344569014
3974,2,1,2,0,21,9,24263949.30068832
1182,2,2,3,0,12,2,8462732.5068058
3478,1,3,3,1,4,10,23059665.312657785
1642,2,3,1,1,17,2,9933521.44804891
3826,2,1,3,3,6,10,25120081.097183153
1018,3,4,1,3,20,4,9330731.306622501
611,5,3,2,2,27,2,6718161.307931177
1630,4,1,3,3,20,8,13855535.103586536
1561,3,2,2,0,21,4,10665974.300280886
1574,1,4,2,3,16,10,13586235.532146707
3119,1,4,3,1,11,3,18593028.508286502
2180,1,4,3,1,3,2,13452917.875927405
1657,5,3,3,3,8,3,12975565.826464076
1287,3,1,3,2,24,6,9843385.620814567
2087,2,1,3,3,18,8,14174503.379787298
1678,2,2,2,1,16,4,11102685.256721303
3021,1,4,3,3,8,7,19744561.463161826
676,1,1,1,0,18,3,5627314.472139419
2334,3,2,1,1,29,5,14350270.334555494
2900,4,4,1,0,26,8,19690065.897069987
832,5,1,2,3,17,10,11060818.597980767
3773,2,4,1,1,2,9,24747422.604361232
2559,5,3,3,0,4,6,18456445.712015927
1990,3,4,1,3,24,6,14864625.645980578
1268,1,1,3,1,15,3,8772187.728929782
651,1,2,1,0,25,9,7016152.063697979
2366,4,4,1,2,9,3,15981790.272818718
2206,1,1,1,1,27,8,14102253.736511774
2155,2,3,2,2,19,5,13751148.913906824
2373,5,2,3,1,19,8,17261637.718063716
654,3,2,1,0,10,2,6108037.732715668
2215,2,2,3,1,10,9,17693112.015317645
1604,5,3,1,3,12,3,12278263.970844153
930,4,3,2,1,29,1,7640067.040099279
2040,3,2,3,2,5,9,16653030.30753376
2990,4,1,1,1,2,2,17942230.07643705
1890,3,2,2,3,3,1,12471944.799572261
683,4,4,1,1,15,2,6917423.267065817
2607,4,4,3,1,12,2,17180014.274617016
554,4,2,2,3,9,10,9820981.390087664
1436,3,3,2,1,26,4,11307304.865340013
3596,1,2,1,3,29,2,19190171.335762862
3538,5,3,2,3,0,8,25140385.0230004
599,5,4,3,3,19,4,7313528.878711022
741,5,3,1,0,29,2,7018561.286528593
765,2,2,3,3,18,1,6814878.175476197
1833,4,1,3,0,26,9,14640198.700169498
3700,5,1,3,3,6,5,24306037.39155898
1160,5,1,1,3,18,7,11871313.66406316
893,1,1,3,0,7,2,6369281.828438573
635,4,4,3,1,27,5,8049522.096292161
804,3,4,1,3,4,4,8208624.221608085
3466,4,3,1,3,22,3,21517195.344838016
1520,1,2,3,2,21,10,12828607.941422405
1375,2,2,2,3,20,3,9302247.436180316
1493,3,4,2,0,3,2,11698928.777279278
1515,1,3,2,1,27,5,10754720.734276578
1704,4,4,2,1,27,1,11628564.087031992
3346,4,1,3,0,3,3,20854031.277531784
3625,2,2,3,2,4,8,23159301.196918182
2506,5,3,2,0,18,4,19028175.4322567
1275,1,3,2,0,21,9,11168133.868650645
3971,1,1,1,1,14,8,24255868.757857364
1372,2,3,2,0,29,3,9005112.690325659
2440,3,3,2,2,2,10,19462594.050229613
3091,4,4,2,3,12,8,22836221.501116388
1271,3,2,3,2,28,3,9658293.898279794
3448,5,4,1,2,8,2,22019877.207326602
1168,5,3,1,3,8,8,11937709.78485292
3857,2,3,1,0,5,8,24339720.673340894
883,5,2,3,2,14,8,10473915.064929109
2756,5,2,3,1,10,8,19826632.28322471
3361,1,2,2,2,3,2,19416010.770422984
665,1,2,2,0,2,7,7624286.728361175
3193,2,2,1,1,8,5,19933445.86030438
2522,1,3,3,3,3,5,17326590.60062017
3821,2,4,1,2,18,1,21932517.456630535
1405,4,2,3,1,25,10,12593732.561113684
513,3,3,2,2,12,6,7413388.764000136
1788,2,2,1,3,24,5,13264802.64817699
523,5,3,1,0,10,5,7805511.926594975
3452,3,3,1,1,26,4,20352550.98944597
2366,5,1,3,1,7,7,17716082.805811983
1440,4,2,3,2,9,8,13767776.397769887
2862,1,4,2,2,6,4,18078762.30680393
979,5,2,1,1,16,2,8606156.589603286
1421,5,3,2,0,17,4,10729465.26072051
3452,2,2,1,1,18,6,20173044.378056552
2824,1,3,3,1,25,2,15707084.278499115
3971,5,1,2,2,12,2,23443736.25882922
2622,3,4,2,0,3,9,19928361.098690666
1361,5,4,2,1,6,3,12127493.564780941
3676,4,3,1,1,13,5,23338453.76147741
2597,4,3,2,1,19,10,19719560.529490083
2328,1,1,1,0,11,2,12848963.267912632
3273,2,1,1,0,25,9,20132435.691601507
876,3,2,2,2,29,6,7918911.556073042
2382,5,3,3,3,4,4,17216502.693765633
1121,1,4,2,3,14,4,8724770.208688116
2523,4,3,1,1,15,3,16477759.459519532
3760,5,4,3,2,16,8,25683683.431211982
3454,4,2,1,3,8,8,22829832.380984835
2798,5,2,2,1,4,8,20658389.07670727
1004,2,3,2,2,17,5,8704151.72011007
2312,5,4,1,0,24,9,17628039.07802591
2946,1,2,3,1,6,4,17529984.996082097
2353,5,4,3,3,4,3,17333408.189232573
1238,5,1,1,1,9,2,9096016.823807646
1211,1,4,3,0,4,6,10519737.129185384
1966,3,3,3,2,17,2,14348233.099904547
1179,2,4,1,0,7,10,11975729.62440315
2507,2,3,1,0,9,3,15403421.978337802
3198,2,2,2,0,29,6,18632178.130025677
1933,5,1,2,0,29,1,11665368.422509259
2922,3,1,1,1,4,6,18958838.367186364
2092,2,1,2,0,21,10,15917491.490100676
2598,5,2,2,0,24,1,16098151.172246084
2989,1,1,2,0,9,5,16521125.35616027
2411,2,1,2,3,29,10,17411443.49149595
2520,4,1,3,3,6,9,18829712.609351058
1339,5,2,2,1,22,9,13316775.731403125
1239,1,1,1,0,27,4,7907678.357512009
3223,3,4,2,0,10,3,19121856.022406396
824,4,2,2,3,19,2,7567007.0880156
3698,2,2,1,2,24,7,21501437.612190194
846,4,2,2,1,23,1,6732220.232748666
3697,2,3,3,0,8,7,23381894.410063934
2605,2,2,3,1,18,6,16934865.350616205
3721,4,3,3,1,17,4,22721540.13222263
2567,2,1,3,1,18,8,17610562.517677233
2305,3,4,1,3,16,8,18162154.685964108
2735,4,4,2,1,19,7,19361315.41817346
3612,3,3,1,3,6,1,21454380.734684438
3233,4,4,1,2,12,1,19843717.855820306
3882,4,1,2,1,27,4,21566415.529987987
1478,3,4,1,3,26,10,13279716.373246916
1580,4,3,1,1,29,5,10958114.434320265
3722,5,3,2,3,22,1,21895877.121510826
1232,2,3,1,1,11,5,9485562.637738228
1085,4,2,2,0,27,6,9700717.05508587
552,5,2,1,1,16,5,7201784.49702895
641,3,1,3,1,3,3,6193055.626360936
3584,1,3,2,0,5,6,21838956.448398795
2897,4,2,2,0,23,2,17760437.909904413
1391,3,2,3,3,10,6,11292236.08241474
3963,1,1,2,0,23,5,22528523.22143825
3604,5,1,3,2,6,10,25385385.66357154
997,5,3,2,2,26,7,10393149.38984088
1591,4,1,2,1,25,10,13901749.38812648
1378,3,2,3,2,8,4,12148526.134830011
2491,4,2,1,2,25,2,14435465.153331019
3435,5,2,3,2,5,7,23653065.884754404
3627,1,1,3,1,25,5,20217528.165552787
2707,5,3,3,2,19,6,18857173.470472295
1415,3,3,3,3,28,1,9313979.31066611
1571,2,2,1,2,26,5,9364718.49575559
1080,1,2,2,2,0,3,8446402.917548608
1115,4,2,3,0,16,6,10060470.378642753
3323,4,1,3,3,17,2,19425240.09365474
1629,4,2,2,0,17,6,13316294.307673063
3006,4,2,2,0,22,3,18040033.923411608
1774,4,3,3,3,0,4,14149543.306728702
1183,2,4,2,1,10,8,11353351.387071835
3288,2,1,1,0,2,1,17732494.14705236
1242,4,4,1,2,19,2,9665075.516647924
561,1,1,3,2,8,3,5042821.584691594
1604,4,1,1,2,18,6,11531911.931682603
3038,4,2,1,0,25,2,17940954.01418169
1037,5,1,2,1,28,4,9353213.345810901
1243,3,1,3,3,25,2,8521608.251912603
3750,5,4,1,2,9,8,25021792.079690024
508,4,2,3,1,2,10,9689084.141745856
3590,2,3,2,3,1,7,22886594.153296012
3980,3,1,2,1,9,5,23454332.15076868
711,2,3,1,0,16,9,8606046.660169438
1591,3,4,3,0,3,8,14765729.321203243
1536,4,2,2,0,3,4,12294074.803360641
2354,1,3,2,0,1,6,15851533.578014165
2425,3,4,3,1,3,10,19294038.07892598
3135,3,4,3,2,4,5,22543530.624726724
3493,5,1,2,2,25,3,20057534.78621217
2763,2,3,1,2,18,9,19204791.02421226
2461,5,3,1,2,29,10,17789410.65809845
2152,2,4,1,2,29,5,13742289.701747684
1226,2,4,2,0,26,8,10880981.765910046
2223,1,3,1,0,20,9,15758611.827089863
2874,1,4,2,2,2,6,19080847.505827792
871,3,2,3,2,27,10,9781659.267288107
1339,4,3,1,0,16,1,9464161.313158333
3913,3,3,2,3,26,2,23314005.761765275
733,5,3,2,2,18,3,7848025.0423837425
856,5,3,1,1,19,5,8537566.926316375
3385,2,1,1,3,16,7,21345438.417948212
1304,1,3,2,1,5,8,11139328.448628657
2333,4,4,3,2,21,6,17189958.251681373
1297,1,4,3,0,13,1,8531067.393156784
3582,2,2,1,3,19,2,20344819.33217468
1158,3,3,3,3,14,1,9753262.960267123
1834,2,2,2,2,8,9,14928580.686802808
1664,2,2,3,2,15,8,13406292.471712107
2204,3,3,1,1,26,1,12735716.27273573
3266,3,2,1,0,19,7,20478845.776393328
3150,1,3,2,0,13,10,22019792.02034182
1107,2,1,3,3,18,2,7777716.749375258
591,1,4,1,2,21,6,5913484.185659517
1709,2,2,2,1,27,7,12151843.385823082
1940,5,1,2,0,28,9,14711046.199853146
857,4,1,1,0,6,1,6305160.348197442
3219,2,2,2,2,26,5,18880224.380482677
1947,3,2,3,1,5,9,15272664.48726026
2161,5,2,1,0,18,10,15909823.288206546
2985,4,4,3,0,4,5,20274951.200153317
3167,1,3,2,0,9,3,18294160.12068847
1476,2,1,3,1,10,2,9625054.020881856
1441,5,1,3,2,7,1,10994280.337569956
1947,1,2,1,0,25,2,11502072.27101136
1360,1,1,2,0,20,1,6797171.466947224
891,2,1,3,2,6,6,7388728.467587707
1490,5,2,1,1,5,7,13248050.682801321
1815,2,3,3,2,5,4,13510862.243419167
3542,2,4,3,3,4,10,24713577.45472182
1572,1,1,3,3,13,7,12672561.301790366
2760,5,1,1,1,16,6,18242498.174842764
3854,3,3,3,2,7,9,25848822.144732583
936,1,1,1,1,27,5,6905062.085222355
1394,3,2,2,1,29,1,9429848.115816059
2867,3,2,2,2,20,10,20059380.16907731
1997,5,3,2,3,4,5,15932033.887078593
1633,4,2,1,1,21,8,13350977.506343868
1702,1,1,3,0,23,4,10141565.33692124
692,5,2,3,3,3,9,10943344.516942056
1323,2,3,2,0,6,3,8606060.97153985
3246,5,4,1,0,4,5,21314978.331021234
2533,1,2,3,0,26,5,14452353.948204096
1414,2,2,3,3,13,3,9568358.209509138
1852,3,3,2,3,13,1,12526999.963935474
1744,4,3,1,0,13,5,13669652.050354417
521,3,4,2,1,3,10,9643538.791165397
1503,3,4,2,3,2,6,12749002.316930145
1254,1,1,2,0,20,1,6320386.970482699
2611,4,4,3,1,12,10,20921115.675986532
2816,2,1,1,1,25,4,15785767.117810886
2793,2,4,2,3,22,8,18710407.239736143
1292,3,2,3,1,7,3,10458277.879485443
3442,3,3,3,3,4,3,21904220.075301524
2657,5,3,2,1,15,8,20425553.219105285
2807,2,1,1,3,15,1,15887196.166387858
1322,1,1,3,1,28,1,6743878.588615903
3602,1,1,2,2,8,4,20540862.031987425
2363,5,4,1,3,7,5,17803140.930886578
3648,3,3,2,3,9,10,24954323.66715683
2518,4,3,3,0,14,2,15581967.60559552
973,4,4,3,2,28,1,8120941.171093357
1226,5,3,2,0,12,9,12416626.331998352
1153,5,2,2,3,6,6,11582898.975190153
3195,2,3,2,1,16,6,19632340.930154394
1075,1,1,3,3,26,7,8692910.46200259
872,5,3,1,3,9,10,12231447.1502618
2813,5,2,3,2,23,10,20921289.90518701
3467,3,4,3,2,10,7,22778352.561058387
1781,5,1,1,3,9,5,13708311.408413805
1954,3,4,2,2,2,2,14037202.781055324
3594,5,4,1,3,17,6,23230832.84872901
1033,4,4,1,2,20,9,11594406.983230885
2824,5,1,1,1,22,8,19820288.2651793
3339,5,4,2,2,5,3,22250279.432041466
2976,2,2,3,2,10,6,19980977.071295395
2789,1,4,2,2,27,10,20090140.90576258
2508,1,3,2,0,28,5,13879303.386109333
1543,4,3,1,3,10,5,12334477.13947405
3173,3,2,3,3,15,2,18883156.907564294
786,5,3,2,1,9,5,8986068.361469164
754,4,2,1,2,28,10,9783075.02797073
3745,4,1,1,3,3,5,22425154.014058847
3428,3,1,2,1,22,7,21837053.727761984
2610,1,1,1,2,11,3,15080384.620848121
2051,4,1,2,3,24,3,13147314.267169904
3117,1,2,2,1,2,1,18246262.94454102
1982,1,3,2,0,14,9,14530363.305012079
985,3,3,2,3,20,4,8853504.684752697
3756,1,2,2,0,12,2,20541639.625403114
2817,2,2,1,1,5,9,18947859.0233967
1950,2,2,3,1,5,9,15787625.73856282
1442,1,2,2,2,26,5,9059738.828028547
1130,2,1,2,3,16,8,9650667.946365612
2380,3,3,3,2,15,10,17984589.76409669
3682,3,4,1,2,23,6,23328904.296847183
3458,3,4,2,3,13,7,23541935.962233737
2940,1,1,2,3,7,7,18485007.80459783
2243,1,1,2,0,25,8,14134609.603476254
1472,4,2,1,1,24,3,9781229.868890269
3284,1,1,2,1,21,2,17323238.998131543
3500,3,3,1,2,7,8,22994328.404219855
1745,5,4,2,1,4,2,14081267.851398287
1595,2,3,2,3,18,10,13710859.843004884
1346,1,1,3,2,23,9,10024158.31041454
1206,4,4,2,1,16,7,11785462.19958395
2905,1,1,2,3,20,5,16832838.70997281
1739,3,4,3,3,23,1,11336335.6835024
1677,4,3,2,0,23,2,11179732.72472169
3237,3,3,2,3,21,6,21048727.632279415
2342,4,2,3,0,3,10,17850005.332781285
1293,2,2,3,3,27,7,10721989.68916892
3054,4,4,3,2,16,8,22918747.242911562
1486,5,3,3,1,9,10,15452599.349309854
664,1,2,1,2,21,7,6966458.154333515
3943,3,1,2,1,14,4,23390703.398622993
2119,4,1,3,3,16,3,14573269.221692717
3204,4,4,2,1,28,7,20754952.532233357
1539,3,1,1,2,10,10,13968566.27254427
675,3,4,1,3,22,3,6722701.051017961
1851,1,2,3,2,16,5,12127848.214022888
1862,3,3,3,2,20,5,13321253.300424526
2874,5,4,2,2,0,8,21938810.113253444
2620,2,2,2,1,16,2,15390473.561772432
3826,5,3,1,0,19,4,23692453.77109903
1753,5,4,1,1,18,7,15507598.302063946
662,1,4,3,2,11,1,5180601.424148789
1382,2,1,1,1,11,4,9823600.238174824
1855,2,1,2,0,7,7,12916041.108563552
1203,2,3,1,2,16,9,11235938.45992863
1280,4,4,3,0,0,7,12970343.049699193
1217,4,1,3,1,26,8,11424416.13041132
2015,3,3,1,1,11,4,14048013.651063092
1628,4,3,2,1,15,6,12397740.06134409
2667,5,3,3,1,3,10,20576304.07299688
2928,2,1,2,0,12,9,19495686.370702885
2242,5,2,2,2,18,1,14435963.69688646
1460,1,4,2,2,20,7,10522859.532205176
2099,1,3,2,3,26,5,13525124.389596166
1500,5,4,1,3,25,5,12550382.550483175
1700,5,2,1,3,5,1,12703160.559014894
3536,2,2,2,2,2,6,22139344.15520279
3606,1,3,1,0,23,4,20007432.100154746
515,3,3,1,0,25,9,7654105.561746961
1327,2,2,2,0,2,6,11826217.484227933
2615,1,1,1,1,2,2,15665688.909281831
695,2,4,2,1,0,4,7718489.172267092
924,1,1,1,1,2,10,8771533.44273009
1230,1,1,1,2,6,8,11711510.676036155
1223,3,1,2,1,18,6,9355520.874738734
3325,3,1,1,2,26,3,19282929.18221768
3082,5,1,3,0,16,1,18151732.90933437
3313,4,1,1,0,28,2,18213836.297966767
978,1,2,2,3,7,8,9894459.13043307
1276,2,4,1,2,3,2,10087834.793849522
2030,4,3,1,1,26,1,12444253.65826907
3413,2,4,3,3,25,3,20642341.657719497
2940,4,1,1,3,13,10,21846787.125387322
2524,5,2,2,1,14,3,17264719.3609934
3513,2,4,2,0,12,6,22413360.046966232
2524,4,3,3,1,11,10,19886651.00311365
1768,2,3,3,1,28,10,13796128.859396772
2459,3,2,2,3,1,4,17020088.072349064
676,1,4,1,3,27,5,7058906.464629465
2344,5,1,2,3,4,8,18096714.82757128
2695,1,1,2,0,4,2,15208038.226203313
2730,2,3,1,0,25,4,16148720.015064126
1949,5,1,1,0,0,6,14955650.548707185
695,3,3,1,0,29,8,7836851.077553514
2506,3,3,3,1,27,10,18790826.07826376
1688,5,3,3,0,17,8,13970603.602347443
2204,3,2,2,2,0,10,17661586.293101963
2325,1,3,1,1,3,10,18273354.072035525
2829,3,4,3,0,27,6,17577067.008336112
2336,2,2,2,3,1,2,14084799.59139986
3288,3,2,2,1,22,3,19114615.67574699
3316,5,4,3,3,28,8,22816713.22986968
923,2,1,2,2,12,8,9739654.450375332
3347,1,4,2,3,24,1,19232752.23675874
1739,2,4,2,2,10,2,11727927.21868832
3509,5,4,1,0,0,1,21288705.804369703
2993,1,4,1,1,0,1,17758489.81750021
3098,3,1,2,3,27,8,21021068.05916662
1112,3,2,1,1,4,6,9701696.235923434
3460,5,2,2,0,25,3,20716677.432296798
3185,4,4,3,1,22,4,20311017.267338376
3392,2,1,3,1,6,9,23319247.440557335
2756,3,2,1,2,29,3,16570035.91457112
1052,4,2,3,1,13,6,10821693.823404552
3883,3,4,2,1,8,7,25078543.83315947
1017,4,4,3,2,15,7,11375935.540824061
1916,2,3,3,1,19,1,12790420.893183395
3849,1,1,3,2,4,3,22549542.96062073
1082,3,3,3,3,8,8,12606039.167039173
2738,1,2,3,2,11,6,18242455.153130222
2408,5,4,1,0,1,5,18258722.602267746
2770,3,4,3,0,11,3,18414652.51074456
1179,4,4,2,0,14,1,8961027.542767582
2874,3,2,2,2,0,4,19577279.92099243
1281,4,2,3,2,23,5,9681229.175736574
1981,4,4,3,1,27,8,15392181.177525382
2870,1,3,2,1,12,7,18575601.48160478
1989,3,4,1,0,15,4,14074633.62694364
2903,1,2,2,3,4,9,20263405.578076214
575,3,3,3,2,14,7,9036374.672777398
2752,5,1,1,2,10,4,17510561.16191333
1638,2,4,1,0,1,10,14614568.289336953
3417,3,2,3,3,23,8,22178261.701803617
1701,2,1,2,1,6,1,10377096.856861275
3342,4,3,3,2,10,10,23779079.418973725
3459,2,3,3,3,10,1,20130011.74878586
2724,2,4,1,1,23,3,16389390.37275222
1981,2,2,2,1,12,7,13620032.708813343
633,5,3,3,3,27,3,7737392.456398004
618,3,3,3,2,22,7,8326508.376531875
3264,1,1,1,3,1,6,20475258.41468428
1720,4,1,2,3,22,7,13249774.500500306
3361,4,3,3,1,23,10,22895748.766286794
519,4,2,2,0,22,7,7251822.078725584
1332,5,1,3,1,18,7,11587272.176451074
2142,5,4,3,3,5,4,16647220.613832569
2637,4,3,3,1,13,2,16458085.989931747
3988,1,3,3,2,9,5,22949636.408173367
3497,4,3,1,1,18,6,21291744.291780803
3454,2,2,1,3,10,1,20368143.73583461
2481,5,4,3,0,9,10,20574695.341480866
1439,5,4,1,0,23,5,11408341.377265606
2018,4,4,3,0,24,5,15743816.90092696
927,1,2,3,0,6,1,6690234.676952673
1215,3,4,2,2,18,9,11505090.824742893
3243,1,1,3,0,10,5,19274615.8691854
597,4,2,3,3,10,7,9024252.6651311
3150,3,4,2,1,5,8,21361606.00901133
1796,3,2,3,3,14,10,14882700.052506244
3428,5,2,2,0,19,4,21001432.144456577
2548,1,3,1,1,3,9,18660743.487796675
779,4,1,1,1,16,3,7508657.999907052
3306,3,2,3,1,3,10,22892785.01487373
3399,4,1,3,3,26,8,22423466.377509996
3911,2,3,3,0,22,5,23101298.257179618
3004,3,2,1,0,12,10,20156243.963923518
2733,4,3,1,2,4,1,17186874.6758058
2843,2,4,2,3,13,5,19276822.51650758
1992,4,3,2,2,26,3,13908061.776645076
3503,2,1,2,1,26,2,19005172.08954492
888,1,3,3,2,6,9,9873500.136065094
1808,3,1,3,3,6,1,12562744.984535823
1838,4,3,1,2,28,9,14604970.033046553
3211,4,3,3,0,14,8,21698320.67623522
517,4,2,3,0,7,8,9236810.604561923
1249,5,2,3,0,17,6,11637784.651480354
3927,5,4,1,1,22,8,25497233.390606172
3910,2,3,1,2,28,4,20955769.89000005
1836,2,2,1,1,26,4,11362247.77855267
1541,4,2,3,3,24,8,13566138.225244382
3560,4,3,3,3,14,5,22651185.51018315
604,1,4,1,1,12,10,7669040.995349831
3831,5,1,3,2,10,4,23586121.872745574
3778,4,1,3,2,1,1,22527041.802517537
2580,5,3,3,1,7,8,19881484.87401867
1775,1,2,3,0,4,6,12265376.05553254
2780,1,2,3,3,23,5,17256583.363870777
920,4,2,2,0,0,8,10532644.248977397
3025,2,2,2,3,23,2,16570103.31013995
2339,1,4,3,2,19,7,16369734.322699657
3313,3,1,2,1,0,3,20384128.627495766
3015,3,2,2,3,2,9,21522831.298042182
2973,2,1,2,3,15,8,19810204.702748004
1136,4,4,2,2,21,7,11366656.491115002
3966,3,2,3,2,12,3,23802775.9974461
849,3,4,3,2,20,4,8313014.222350369
1322,1,1,1,2,29,1,6335224.099392942
2381,2,3,3,0,17,7,15618175.385650812
3756,1,1,2,3,13,8,23149295.046365198
3668,5,3,1,1,4,6,24049575.74397499
1923,1,3,3,3,8,4,14030464.09723927
1296,4,3,3,2,23,7,11842680.27633986
1889,2,3,1,0,7,6,13661783.881069534
3815,3,2,2,3,17,10,25096818.567381676
948,5,1,2,2,14,3,8352160.936087612
2583,5,2,3,2,13,7,19485544.432448484
3970,3,3,1,3,22,3,22293996.836323068
2384,5,1,3,1,19,5,17067253.56292097
1673,1,4,1,3,16,7,12692450.861453941
3510,4,2,2,1,24,3,19691686.004419502
1850,1,4,1,3,13,7,13535285.49279138
1787,1,4,3,1,27,1,9922299.681337174
3754,5,3,2,0,3,10,25414236.381932516
712,2,1,2,0,0,6,7635593.161815039
2687,1,3,1,1,20,4,15440339.024967192
3198,2,1,2,1,14,6,19510597.93990502
3009,2,3,3,1,23,8,19300035.73592536
563,3,3,3,3,20,1,5208007.771146346
2942,3,3,3,1,14,10,22113456.439512387
1714,5,3,2,1,23,3,13241297.039200557
3593,2,2,3,3,13,2,20854556.865640488
3221,4,1,2,1,8,9,22141237.309076153
3271,4,4,2,2,11,8,22864432.86915925
932,2,1,1,2,25,9,9149660.359541956
3824,2,1,3,0,4,6,22987980.50140328
3070,3,3,1,1,21,9,20965496.372533325
1401,4,4,1,0,23,8,13120769.286686974
3392,1,4,3,3,6,4,21266966.078443617
2747,5,1,1,0,3,7,19182544.67334959
1546,2,4,3,3,11,10,14226886.4826065
1905,5,3,2,3,12,8,16412349.152504398
731,3,3,3,2,15,7,9286041.785064058
2928,1,2,1,0,12,8,18746635.402679536
2141,2,3,3,1,23,3,12603208.609586397
2679,3,4,1,0,9,6,19088371.915491104
2418,4,1,1,0,24,1,13733200.623168526
2587,1,4,3,0,17,4,16279161.68660098
2116,1,3,2,1,4,10,16832317.02490168
3361,1,4,3,1,6,5,20461382.50736708
854,3,4,2,2,27,9,9955199.107682664
2199,4,2,3,3,18,4,15157587.41439856
1723,3,4,1,3,16,8,13181898.6422339
1109,4,3,2,1,26,3,8593975.749791127
3223,1,2,2,0,13,8,19083886.27858128
502,4,1,2,1,13,8,7644450.860848503
2654,1,1,2,1,28,5,15530037.57921532
970,3,2,1,1,16,5,8884096.20644093
3336,2,2,2,0,2,3,19666692.177406866
1181,4,3,3,0,20,7,11067104.667957235
2679,5,4,3,1,8,3,18804436.021475047
1815,2,1,1,0,29,2,10155080.96611475
1393,4,1,3,3,11,8,13030885.641826084
1022,2,1,2,2,26,8,9120921.83945192
1150,3,1,3,1,25,1,7562110.1355832005
2187,2,1,2,3,29,10,15459892.840902597
3251,4,3,1,1,9,8,21377794.073556
2061,5,4,1,1,19,9,17174081.758241598
2156,2,2,3,3,11,1,13034715.459010065
3067,5,1,3,0,13,7,21369091.895336334
1908,4,2,3,2,11,8,15806072.57471534
2103,2,2,2,2,7,4,13971455.919359775
3258,2,3,2,3,11,9,22595160.533174437
3871,4,1,2,2,4,6,24269940.046643123
1247,4,4,3,3,4,5,11933442.491405636
3272,3,1,2,0,5,3,19966297.38183245
2856,2,3,3,1,12,1,15964199.358225001
2135,2,3,3,1,20,7,14805874.01150359
727,3,1,3,1,10,9,9733889.319028605
2371,4,1,1,1,15,9,17549023.00377899
741,4,2,3,2,19,4,9069720.014870277
3891,3,3,3,3,24,3,23216995.258543488
1793,4,3,3,2,17,6,14266825.532654705
2759,4,1,2,2,15,1,16507048.314097604
1092,4,1,2,2,5,6,10525980.368964743
1922,3,2,1,3,10,2,13977316.695361916
1474,2,3,1,2,11,1,9989855.932295717
2535,1,1,1,1,0,9,17301840.89070536
3545,4,2,3,0,3,2,22209128.35086514
3517,5,4,2,1,0,9,25431353.341503598
1430,2,4,1,3,10,6,11646408.047012404
3729,3,1,1,1,25,4,20447534.428821124
3521,2,3,3,3,3,7,23417958.350374673
1101,1,4,3,3,23,8,9233462.855173964
3720,2,1,3,0,2,3,22073030.142610516
1790,2,3,2,1,25,4,11442695.495438475
3547,5,4,3,2,29,6,23465919.722359303
3121,1,2,1,0,20,2,16233096.631506272
3531,1,3,3,2,29,5,20926994.081386488
1833,5,3,2,0,20,6,14544712.270070242
2925,4,4,3,2,12,4,19072695.450613197
1112,4,1,2,1,20,6,9370508.542821785
1184,1,2,2,2,28,6,7952774.14824846
1609,4,3,3,0,21,5,12581266.589724472
2021,5,2,3,2,11,6,16186996.18098822
2948,3,1,1,3,17,5,17551591.405427456
1247,4,1,3,3,17,3,10222711.68154591
1996,2,2,2,2,2,7,14737244.312241532
694,3,4,1,2,23,5,7567359.14496886
3061,1,3,3,0,8,4,18410404.719751254
2524,5,2,3,0,1,5,17859313.12724893
3277,1,1,1,3,15,10,21971498.21485304
3710,1,1,3,3,8,3,20222364.523212302
2224,4,2,3,2,16,10,17311588.158465844
1055,4,4,3,3,14,6,11133932.470682798
3261,3,3,2,0,29,5,19158663.322069395
2738,5,4,1,2,13,7,19493033.096779373
2226,3,2,1,3,11,9,16511528.851824855
3997,2,2,1,2,27,10,24194065.99740806
3969,5,3,1,1,12,7,27070833.61412242
3996,4,4,3,0,13,7,25713674.583282948
2898,3,1,3,0,5,9,19884219.19639729
3640,5,2,2,3,14,1,21906696.88949396
721,3,1,1,3,8,3,6837203.809051242
3136,2,4,3,1,14,6,20246386.013922904
1227,2,1,2,2,10,1,7193490.911943268
2227,5,4,3,2,2,7,17768795.88052743
3802,2,3,1,2,11,4,22580589.712909117
3209,4,2,2,2,15,6,20928957.0995799
662,3,3,1,0,1,4,7180630.129400238
1591,5,3,1,1,17,2,10379153.702408407
3306,3,1,3,3,28,6,20082937.274614893
1807,3,1,2,1,26,5,12368386.311956901
2970,4,2,3,1,25,6,19062865.70076724
2585,3,4,3,3,12,6,18411380.566612348
747,4,1,2,1,28,2,6051341.259808933
3257,5,3,2,2,18,5,21920441.06875424
1419,2,3,1,1,19,2,8930248.83385342
1598,4,1,2,1,3,2,12567436.455406053
2251,4,1,1,1,0,9,17367683.17581861
3878,4,3,3,3,29,6,24508242.620391354
1782,4,1,3,1,1,3,13350454.128096377
2671,4,2,2,0,18,10,19927111.023364414
2245,5,3,3,3,9,1,15685842.355958557
2269,4,4,2,2,13,3,15869429.49543114
611,5,3,1,1,20,5,8023677.314042703
2794,5,3,2,2,3,5,19982228.382890586
1093,5,2,3,0,17,1,8649499.502749791
2836,3,4,2,3,11,3,18092629.74824937
1463,5,2,1,2,0,9,15458792.532594508
930,3,4,2,1,14,6,9954122.34108468
1551,3,2,1,1,2,9,13563648.365813443
2187,4,3,1,0,15,6,16262203.793328766
1918,3,1,1,2,23,4,12428252.487790827
3831,2,4,3,2,9,6,24878815.320938
2264,2,3,3,1,16,10,17796743.5551202
769,4,4,2,0,19,6,9265251.113253664
2082,5,4,1,1,1,5,15751581.79759926
3676,3,3,1,2,9,2,22203098.071503133
2808,5,1,2,0,19,7,19002016.89309277
3965,4,1,2,0,22,10,25612639.700599696
771,3,2,3,3,1,2,8149517.110721669
550,5,1,3,0,16,1,6484284.891762117
2931,5,3,2,2,6,8,21934205.181796055
2141,3,2,1,2,2,10,16975955.141643345
3660,4,1,3,1,5,3,22305674.481561143
1830,1,2,3,1,2,3,11394587.595980735
1509,5,1,3,3,28,3,10810967.700404882
2240,1,3,3,0,18,2,13469697.962769384
3290,3,3,1,2,1,9,23220896.839549344
670,5,1,1,2,27,2,6391116.145650184
3325,5,4,1,2,17,7,23196746.145751186
1187,3,3,1,0,11,4,9190181.425056795
1439,3,4,2,2,4,9,12461178.959676057
3470,1,2,3,2,23,7,21141651.52857045
2202,2,1,1,3,28,6,14802793.290786423
1747,4,1,1,0,25,5,11935729.625318836
3423,5,1,1,2,0,10,24086912.00302782
3908,3,4,2,1,19,5,23316664.38383271
3057,3,1,3,3,1,10,22074112.662582446
2594,2,2,1,3,28,10,17768103.459184684
2418,4,3,1,3,19,3,15688239.190410402
3133,4,1,3,1,2,9,21522867.607402846
685,2,1,2,1,3,8,7588359.5896799555
1228,5,1,3,2,7,8,12351371.253527066
955,1,4,3,2,16,10,11168546.296412371
1271,2,2,2,1,1,1,8924577.366326936
2759,4,1,3,1,18,9,19196397.732454654
1307,4,1,1,1,19,7,11901193.195145912
3929,4,2,2,3,15,7,25493527.115557015
3407,2,1,1,1,6,2,18775869.58129697
3563,4,2,2,2,3,7,23872835.79174944
2827,1,3,2,0,5,4,17655899.799304232
1376,5,1,3,0,21,4,10322815.654015187
1010,3,4,3,1,6,5,10655928.583892927
2385,4,3,2,0,3,6,17244785.51550025
1348,4,4,3,3,22,7,12576829.689760106
533,4,2,1,0,14,7,7909170.21410182
3753,1,4,2,1,29,1,19890207.11787155
3772,1,1,3,0,23,2,19835377.213135883
1545,4,4,2,1,23,1,10715842.57050867
3197,3,2,2,1,15,10,21763866.741368886
3893,1,2,1,0,12,7,22243246.045824133
1952,1,4,2,0,16,1,11051127.404583165
1793,5,1,2,3,1,6,15598988.043063065
2580,3,1,1,1,21,8,17200936.159985542
1685,5,1,2,2,18,9,14645528.676089546
3129,3,2,3,3,11,2,18281126.129703883
2844,2,1,2,2,18,10,19770362.119049583
3699,1,2,2,0,19,6,21356648.817179445
3704,3,1,1,1,3,8,24209879.626070485
2696,5,2,2,0,16,4,16811722.876675785
2623,2,4,3,2,1,4,18396355.616752125
3078,3,3,1,1,15,1,19078155.451455854
3211,3,2,3,3,16,5,20472917.270548232
504,3,3,3,1,8,2,5677985.9467812935
2946,2,3,2,1,12,1,17273102.812885992
2486,1,4,1,3,1,5,16894994.62766744
2422,2,3,3,3,3,9,18194527.06643117
629,1,3,3,2,1,6,7280660.5189767685
3392,2,3,2,2,8,4,20252559.1869353
786,5,2,1,1,28,5,7877731.07894426
3535,4,4,1,2,0,3,22072767.588065926
2176,1,4,3,0,9,10,16554205.459677866
932,3,2,1,1,7,9,9635481.649016866
3284,2,4,3,2,3,8,23395005.798582677
2135,1,4,3,3,22,5,13428578.020611176
3213,5,2,3,3,5,10,23213824.703592986
3993,5,2,2,2,22,1,22128808.86271166
3641,2,1,1,2,23,9,21708679.497844074
1699,1,2,1,0,13,2,9871613.288461199
1009,2,1,2,0,16,1,7089483.510523551
608,3,4,1,2,24,7,8384347.822937896
2028,2,4,1,0,16,5,12962487.036082132
1631,3,4,1,0,20,1,10107207.31768468
963,2,4,3,3,29,2,7217682.672740609
1288,5,3,1,2,10,2,10809130.476326384
